-0.33222146572753153,1.796801573277285,1.0
2.1617364198994737,0.5376492717298664,1.0
0.0025409990735286714,-0.48894020366482516,1.0
1.3082029667869937,-0.4718863217077536,1.0
2.38240897317915,3.0506532325480618,1.0
1.1113992315751047,1.646433437883634,1.0
2.013838712932179,1.2897107911204948,1.0
0.7324170737883023,2.021370363898688,1.0
3.624809457898303,1.9625548004640403,1.0
1.7024090860435013,3.335855010108719,1.0
-0.7855966773833589,-1.5982875011046778,1.0
1.0849912747514878,4.315050979633019,1.0
0.6396583841164432,-1.1825640657062864,1.0
3.0084699827574357,2.9926108553792794,1.0
3.2068911981152586,1.5058443265189403,1.0
0.4740857674400948,1.157135180980624,1.0
0.6542844513048924,-0.13383305175022242,1.0
3.102696859846109,0.8451287333361326,1.0
1.6337280775756353,2.2585359179110465,1.0
-0.22777606230478042,2.1450181832659956,1.0
0.18008307692230152,0.07084467392175964,1.0
0.4927637814027963,0.5458061472732351,1.0
0.19114231749532518,0.10505483572946872,1.0
-0.0753549457528313,2.3584959223836544,1.0
1.8095222387692673,0.3037456366448549,1.0
1.4289820581761645,-0.32731551422079797,1.0
1.2190758254299139,0.10490127475787547,1.0
1.5104104652932555,0.07059516359768347,1.0
-1.959590192761298,1.3981953018374305,1.0
2.064195642074755,-0.4414909879513791,1.0
-0.709927283700934,0.5392981482468547,1.0
0.8415869894233923,0.42543990154306144,1.0
0.8320957769245082,0.45663904714863346,1.0
0.8788915108108658,0.5307727030047078,1.0
1.059821463320083,2.5187005362142276,1.0
0.74849179752912,2.1581760174781635,1.0
-1.7919609512716215,-0.3087742531033868,1.0
3.8830830634924003,3.972369586434025,1.0
1.6465190124679037,1.9403621853859572,1.0
2.199706714695633,1.4946785989548177,1.0
2.606011376362663,0.9669895947253565,1.0
0.5037224698653003,0.7429145430347605,1.0
2.336979305239275,0.31869780581605567,1.0
0.516041404936743,1.6294198326644427,1.0
2.2622523383394664,1.0946862248001419,1.0
0.8779129138274104,0.5437007224998676,1.0
1.2033537725118548,1.601830141207016,1.0
1.1232345966284119,-0.08764180422991896,1.0
1.874259045102748,1.2330391748955298,1.0
2.2298621874105162,0.733631344025004,1.0
0.4954829829572597,0.9887397988155784,1.0
-0.6098531774250482,2.1693183576288804,1.0
1.1049284683514526,1.6538328699929983,1.0
-1.5060511523292828,2.242272070539668,1.0
0.8436016831998752,3.83594467552335,1.0
4.021502384526569,3.0472368445246416,1.0
-1.3108740149335647,2.501063429991568,1.0
1.8866790554757982,0.2940452581030383,1.0
-1.04148418240717,0.5345782925995002,1.0
-0.8911527697835318,0.44272048747021564,1.0
3.8364556425206535,-0.2496639700651122,1.0
2.977421307440948,3.437740460963096,1.0
0.9538065053026137,-0.8518042529717436,1.0
-0.22200437893707892,-0.9215519483791268,1.0
2.1252385457705296,-1.9202715166886972,1.0
-0.3956763208058389,1.5701200715131403,1.0
3.3515162082004517,2.3919963209481576,1.0
2.1971531420182684,1.3158095978938031,1.0
0.5726127968010671,1.1631783696114741,1.0
1.5432569597551424,-0.04228551496416855,1.0
-0.030682154714110732,-0.4413545404202077,1.0
0.7673616676390773,3.9515439523026203,1.0
2.3987680747717928,0.10532995295375203,1.0
0.1651379351592659,1.1323889989896236,1.0
2.5403339715403233,-1.5088866053950745,1.0
-1.1008833460174072,3.2111202375853303,1.0
1.2760801394227108,5.091455557261264,1.0
1.5824937977758442,-0.18036718250868988,1.0
2.0611286253501033,0.4239967998440549,1.0
0.8631292587111037,0.8365374102475588,1.0
-0.1845040053625031,1.1675341085691193,1.0
0.2581603416753282,1.9663789005013972,1.0
0.7227889388552382,0.8262565585511137,1.0
0.6081010849634969,0.8041967203627043,1.0
3.2015496949262157,1.9856942325562748,1.0
-0.23299752646685246,1.342808991188763,1.0
0.888058903692747,-1.8897194765027954,1.0
1.7282321871608115,3.9417420935777563,1.0
1.324175752229576,-0.4831253934212849,1.0
-1.2291131078424122,-0.2989946222720916,1.0
0.8204507102082006,1.6218222083707552,1.0
-1.343426265777559,-1.2984516567773827,1.0
2.9758380382355085,-0.5647788432356262,1.0
1.80392509840572,0.46133052449575895,1.0
0.24027034147205828,1.6722407830387933,1.0
1.0899305849268222,1.7045507999678802,1.0
0.3653483399543358,-0.22074204175699763,1.0
1.411722301623049,-1.3851608721697164,1.0
0.07708396499915793,0.6724320182410646,1.0
1.1950213933229417,-0.380795828226711,1.0
0.8471269267135574,2.087488223117054,1.0
-0.6221038153544503,2.547656619909817,1.0
1.4853355168245166,2.1293103364920647,1.0
2.3106247832344913,3.5830667566789027,1.0
3.24700749686229,-0.4494564026085688,1.0
0.1930246994533289,-2.2580166712555694,1.0
2.5182416715702045,2.2073432448705996,1.0
1.8941411678495768,2.9115965295007475,1.0
6.077864056318028,-0.1584015486620014,1.0
0.47586470943198267,-0.5019634638792103,1.0
-0.7958217781318306,0.0035082106288248927,1.0
4.749311325232085,-0.3238869366582786,1.0
4.884785218017022,3.4834100931141605,1.0
0.7653208622765244,0.8353141559327051,1.0
2.354411565504196,-1.2119490860964919,1.0
-0.5339696841722881,2.137061321391572,1.0
2.6546809094427672,0.12541359493311788,1.0
2.229437352528821,1.1652719818692194,1.0
1.9164221523616711,-0.3444882233078619,1.0
1.4195212747682457,5.3044693597632016,1.0
0.6274043254687742,3.474175269661571,1.0
-0.8523751083805757,-0.4454171241757381,1.0
0.9504425055890208,0.26256482154743144,1.0
0.23307526055486283,2.2255389901894334,1.0
3.3775075065962072,1.5150500899185884,1.0
2.718638544586236,0.17198482146146032,1.0
1.4243211303216445,-2.8370700682822494,1.0
0.5562426069147155,-0.4591059524199028,1.0
1.5316746254323474,1.9218839676708233,1.0
-1.962570990905491,-0.32932699065710236,1.0
3.7248577534326164,2.024426751867502,1.0
0.7636149843010331,1.7605871256754608,1.0
1.0973932702775764,-0.6227256628358655,1.0
0.9236126092697055,1.4054891084312056,1.0
2.768832750017734,1.704326071692463,1.0
1.4728351241887954,1.0673337054869518,1.0
1.7219186120059509,1.7205605067118221,1.0
-0.2278666987610245,2.0918969999166928,1.0
0.47276752145681733,0.6917619593507408,1.0
1.8451067435829882,3.635246024329529,1.0
1.4336193708081282,-0.5762350585257314,1.0
2.571262998381112,3.503870667929024,1.0
1.902307186095924,2.0322935076059503,1.0
0.31382379350368494,-0.3542981468741335,1.0
0.4360511685898727,0.5779483755883214,1.0
0.18020430201268145,3.1755297852403324,1.0
-0.5033173046614754,0.51667296066368,1.0
6.213456904861328,1.0645949598271454,1.0
1.10719667210552,1.7272531414651597,1.0
1.7445836450525731,1.4803034727934947,1.0
1.2822843055605957,2.331244573737637,1.0
2.6917148253887557,3.0037765113815187,1.0
1.9740887471146915,-0.14958598914591126,1.0
-0.8632249738112874,2.726516611196648,1.0
3.8010666201842813,-0.07106536077808778,1.0
-0.33307854229468914,0.05198666628331494,1.0
1.8250005837019654,0.062472160958293554,1.0
2.0701893691804143,-0.4109612187216021,1.0
2.515423375178296,1.2273178458987175,1.0
-1.2444803595755363,3.0389932736928182,1.0
1.4327343279099687,1.5159051839905169,1.0
0.850391162756736,2.132002887775557,1.0
-0.03664157169389082,0.18358368341718267,1.0
1.0530731423626325,0.29569570616338225,1.0
0.5047788103592749,-1.779395589099329,1.0
-1.226677767471104,1.5338659377184016,1.0
1.1054455448604181,1.417339905862433,1.0
0.16390329774802392,0.88063836705627,1.0
2.4794081296654698,0.1349300063548613,1.0
0.1662454415122303,2.93691694143265,1.0
2.16594370357683,-0.8198026777927341,1.0
0.798166620315002,2.5404608585094577,1.0
0.29920339867323953,1.593031655694624,1.0
0.3893091141449282,0.5129197455734493,1.0
1.05989682839511,-1.256153166759315,1.0
2.4397965107708246,2.1769409080403195,1.0
-0.09565495714610517,1.7864016669182803,1.0
0.274155899992754,0.3096325535254525,1.0
1.4835667295525576,3.008361498464227,1.0
1.5412653625555333,1.60263955044173,1.0
-0.7008711222261159,-0.6827634317182298,1.0
1.0079011584081778,0.8675954221718107,1.0
-1.0795209862940047,0.5981036565823157,1.0
0.6283253743130963,0.2014627484384618,1.0
-0.9951187840772038,2.484969930036157,1.0
0.46716881884014727,2.540261703551735,1.0
1.2456765875483204,2.5920191260244607,1.0
-1.0169183832905517,1.4648536992586765,1.0
1.7722473125650646,0.6087890664425857,1.0
-0.866016885782813,2.4325191053957544,1.0
1.9487019740353937,0.40357076137794357,1.0
2.375375113152394,0.9208805844161213,1.0
0.2988445333703561,1.7921578095249704,1.0
2.8509011795344303,1.4532329262323134,1.0
1.336678708912939,1.1669403622051293,1.0
0.6340400505738175,0.5626303694347894,1.0
1.4647617849227677,-0.8878242874536431,1.0
1.178769833116214,-1.0310192129144693,1.0
0.7813343943814803,-0.6411458830177343,1.0
0.43316985107109063,1.4865942290290701,1.0
-0.8343863339133737,0.6099041153751601,1.0
2.934457837314927,0.07803484426051843,1.0
1.492430788742431,1.6074171762088487,1.0
2.7350925159347956,0.23240481497659837,1.0
3.5830765424686737,1.10255964419496,1.0
3.3993671056428862,1.9118943640472394,1.0
-0.7156627774298332,1.2539914895049578,1.0
-1.3058806368379323,0.7344812672052026,1.0
1.8969362432602,0.999794979144078,1.0
0.8014600910583138,-1.0254734528355467,1.0
2.9128203690125387,0.7028506606693603,1.0
1.2782846302749595,-1.4876759409230824,1.0
0.8383272365336765,0.7656213005952106,1.0
-1.2246291399558844,0.7842753998518532,1.0
1.596178031046515,-0.27372887930114187,1.0
4.296603561584781,-0.5626628998926033,1.0
2.76634737103797,1.4634750991628107,1.0
3.1547434766301015,1.80114465648264,1.0
-0.08430570508080892,3.8043259423731723,1.0
4.792511033257752,-0.9167200157640636,1.0
1.2299928568653637,0.42439427050783296,1.0
1.126358603489635,-0.027105409173727946,1.0
-0.14178001778646232,1.7717543552078818,1.0
2.64208026389205,0.5872058735880717,1.0
0.7214003557109729,-1.3543817992575895,1.0
1.9210390236990806,0.7793019465961808,1.0
-0.8261992232674424,-0.3784992933845046,1.0
0.7089936702519302,1.559248651174327,1.0
-0.25751641177222195,1.8426907836517805,1.0
1.9628206406101887,-0.6320813507096583,1.0
2.114441128308975,1.5271805970348955,1.0
1.210439579218068,0.7524218884905017,1.0
1.1688222335528797,1.134713431538604,1.0
1.100033552457818,0.8506273562212608,1.0
-0.3599655864056077,0.0880386740404947,1.0
1.0573109988073852,1.369574050115381,1.0
1.2112940297642398,-0.29026002861711886,1.0
0.40195025450551003,-0.49186521149605666,1.0
3.4706136916976558,2.541997290134381,1.0
0.8660542703684991,0.9900934600432527,1.0
-1.922807759298534,0.5399334546871213,1.0
0.4486792920734741,3.0831091464158757,1.0
0.3784877776041362,0.28967947941607874,1.0
1.3507137827957865,1.1749509988259055,1.0
0.13504455616541733,2.374956742388051,1.0
-0.4049994584992993,-1.1835220371548414,1.0
2.1622388667294716,-1.1425936121477598,1.0
0.7086220586418653,1.410459441690164,1.0
-2.7347439498448805,1.8819455872869821,1.0
0.5556862635879414,1.732748555636918,1.0
1.5366407137339921,-0.5569473955047941,1.0
1.5129833675575122,1.2343495646233704,1.0
1.7694236857298702,4.244314775696962,1.0
1.7509822354903086,0.519260671328627,1.0
3.340586664628105,0.7289691600750414,1.0
0.0057320578706863134,2.024993580265452,1.0
-0.14037764152141374,1.647620865705984,1.0
1.3486219858740545,0.4492755812542987,1.0
0.09270510330366977,0.3803003497703048,1.0
-0.1857292422768575,2.622579618783391,1.0
3.3572927362721927,1.4626259107577635,1.0
3.00656210710528,2.9514593158170426,1.0
2.0515575778580146,0.6700663576316124,1.0
1.1951707435552577,1.3168653263585723,1.0
2.8738688654870583,1.8425417224292198,1.0
0.16780661043983636,4.091163710203389,1.0
-0.07761235864622473,1.2273555972799244,1.0
0.2710236109303926,-3.48812500054664,1.0
2.642725762374994,1.1287899563378312,1.0
0.7054181096270673,1.7165129782880895,1.0
0.7960491974317798,1.914874923696773,1.0
-0.6580607697247918,3.023985711125653,1.0
2.0861164853323952,0.6689549721337497,1.0
2.137524929913148,-0.6831188550991121,1.0
2.9270625071216303,0.7511021819094029,1.0
2.260823027990127,-0.6762243336512122,1.0
3.6605942940993628,0.12886225457016753,1.0
-1.2756452627830588,-0.35301567024866065,1.0
-0.2977675494571228,-0.6970059977562879,1.0
0.027707681692544783,0.42477539053088864,1.0
-0.6998426899756882,-0.531985762765063,1.0
1.2719894438073072,0.439214607636087,1.0
2.823925916090423,3.7621762616193086,1.0
0.8987354114220797,0.7493724338398404,1.0
-0.028729867729735403,1.5088427978145087,1.0
1.88693049514251,2.33310374684638,1.0
-0.21900837494872682,0.7312753253883866,1.0
0.6800863917939615,0.83931651038141,1.0
2.9563206261135333,1.835026320050933,1.0
0.9564120058947307,3.02557438204,1.0
1.1777550331353976,1.2251588991557743,1.0
-0.7330890794910454,0.22650954622692288,1.0
0.02324791343820032,1.0823629672504056,1.0
1.746648746271417,1.2634524371966094,1.0
-0.25581987386851934,1.3814065864677842,1.0
2.620810223518837,2.0479770242945854,1.0
-1.7321115027520726,-1.3041807939666383,1.0
0.3967726011295042,0.6058786337032405,1.0
1.7916898482473693,0.7310431534321503,1.0
-1.2901603487993687,2.4052583064397197,1.0
1.90905876696225,0.1239655174923937,1.0
0.14005711638705043,0.6456217275746614,1.0
2.403131180829406,1.8602351184789359,1.0
2.467562410568739,0.7941245107496134,1.0
1.9039954450426004,2.3903540252213644,1.0
-0.5400382386086304,-0.8680940272910136,1.0
0.297289820250469,1.703529967851474,1.0
0.6479980342553635,0.5945534694119812,1.0
0.7069760962029981,-2.636112243127038,1.0
0.5145286546656831,-0.2278938304741085,1.0
0.08144430065779795,-0.5918681525283773,1.0
1.5744427112173744,1.1960560466026242,1.0
1.8858767016701456,-0.953475716473442,1.0
2.825470885756773,1.3181828711214059,1.0
2.881093349502969,0.24557983243298553,1.0
3.1019494037628754,-0.13744085194909594,1.0
4.413801053190026,1.8175885539060213,1.0
-0.14136248010468533,1.8218614811620442,1.0
3.3387903500838143,1.0504854023729073,1.0
0.8898540397475041,0.8234402062753491,1.0
0.07084069443124641,2.42775641967223,1.0
0.7563325194022275,3.4720603984715175,1.0
1.2898279537122876,1.2586907282016837,1.0
1.5835360195324748,0.7321379952023356,1.0
4.1721427430305855,1.880129051816121,1.0
1.5986322178146701,-1.443514128134845,1.0
1.7520224265232007,2.5474761387546985,1.0
-0.3779280381482213,-0.3288740788436655,1.0
2.127293653256121,0.37751851171161777,1.0
0.5243822271077121,3.0344756412804936,1.0
-0.049125578036898876,1.5464973274506428,1.0
-0.23021983495930187,-1.4293077118926125,1.0
0.75096930850913,0.7217329425625585,1.0
2.07149933990806,1.814651291615042,1.0
2.1275274673751743,2.7048005164328073,1.0
0.2768229825429005,-0.8221023653157586,1.0
0.05245978480587421,3.1682260722536912,1.0
-0.6525480493870579,0.5922614400303008,1.0
-0.8030119285237243,0.4475393473459294,1.0
1.3945270842391047,0.6647849839287303,1.0
-2.567341865054695,1.155624541446066,1.0
0.37274144636299644,-0.1534866180165595,1.0
0.197674802685588,3.307046715371173,1.0
0.8172938077693961,1.2806889529170586,1.0
1.0006595737936903,0.013621478557700128,1.0
1.601558709189129,0.3689120096185743,1.0
0.15435721717378026,1.6556510308301058,1.0
3.068482136032688,0.781845045384294,1.0
1.7612015401856098,1.738329208434628,1.0
0.5462716368206365,1.7339252601138249,1.0
-3.3004522162784733,1.6819821804800839,1.0
0.47515498385489874,0.6086104364176017,1.0
-1.5003464109402067,0.6805849237485421,1.0
0.7957013844576052,0.5234824945033227,1.0
-0.28023062125642917,-0.14328258606307354,1.0
1.1214405960594425,-0.49077270792542094,1.0
2.6803787834520314,1.567207698106964,1.0
-0.3336536120020399,3.6308491677994716,1.0
-0.6125554599544969,0.6350473859496748,1.0
-1.6850180668069856,2.336893237858902,1.0
-0.9251122998368919,-0.6451172957809999,1.0
1.6848367010827903,0.9098011748478027,1.0
0.2390538621704389,1.556668998420247,1.0
-0.159778042709392,-0.7208159844874436,1.0
3.403815338502834,1.1177810836962445,1.0
1.331626825395797,1.5880227079199525,1.0
2.7605567683201775,3.6496160717639654,1.0
1.2958658123204483,0.831443909324816,1.0
0.7431816745889444,1.692421287753652,1.0
2.1937333876887974,0.16967443798849524,1.0
2.2101479949041636,1.2035488839931183,1.0
2.5971474148311584,-1.1724184445577994,1.0
2.467132154652809,1.1607561959532302,1.0
0.5771410337215955,0.2018101495750768,1.0
2.017406401914032,0.9421799322118044,1.0
3.5106972447677527,3.097072828484135,1.0
-2.554956060822231,-1.1508691992899651,1.0
0.34823161937617686,0.3460948181253719,1.0
0.8021514362525579,0.3194166754293395,1.0
-0.7542630249493443,0.789236540109445,1.0
2.1313292842686,0.6170138695788819,1.0
1.58828121202476,-1.0144991717487142,1.0
0.6235506374557962,-1.089392395425509,1.0
0.004412115119060145,3.0738959002186634,1.0
-0.988247746237352,1.4464071622360075,1.0
-0.362686661167984,0.6970589592506232,1.0
2.0991744801648697,4.054712078814706,1.0
2.6158064586092866,-1.4608227549797634,1.0
1.9170003124876152,2.2451314514937115,1.0
-1.8026288284881242,2.0071845834752677,1.0
2.022706748044921,0.2655719766380925,1.0
2.8106749979951156,3.9805178851409657,1.0
0.8607325945949884,1.3311947539855762,1.0
0.8399626236014311,4.2341986395910425,1.0
-0.2938990402297348,2.6533720180224587,1.0
0.6735276148686071,-0.9234992942181084,1.0
2.7529531020229348,1.0906201439417418,1.0
1.776271017143109,0.08538989733510571,1.0
-0.11272136088184559,1.9239185875275286,1.0
1.8152268042394386,1.6358339384516571,1.0
1.7351505907568607,0.2632908741344153,1.0
-0.5346430945924638,0.7265811377798193,1.0
2.9405603588295843,-0.10477327793329039,1.0
0.5990451285274345,0.3050871852084328,1.0
0.2592629124614345,-0.41096052111054204,1.0
1.0174657102678895,0.9818491174496412,1.0
1.2697934156994015,2.480282915597086,1.0
2.804404745582377,1.7492234397096436,1.0
2.8282794850001376,1.0686985774590358,1.0
2.2647144861169934,-0.5545564628601987,1.0
0.15834062629586299,0.5995441908420549,1.0
2.941163191418716,0.49949902199776897,1.0
-2.692668491564275,0.6487773642304718,1.0
-2.215214911587008,1.5463508105971286,1.0
0.5177153647991457,0.8688153905569158,1.0
2.363822817675243,-1.3932458608399547,1.0
2.0740509747427938,-0.9948519060302512,1.0
2.6371946089791924,1.2240625283848798,1.0
0.5705726982374288,1.4566397643527187,1.0
2.26884610004023,-0.9542390763777795,1.0
-0.2610236977385063,-0.6449687684089478,1.0
2.491065752275443,0.25533808896064814,1.0
0.6273857402216134,1.598973759745847,1.0
0.34957133213795566,1.135702366662485,1.0
-1.7207175749626016,-1.1765762614800925,1.0
1.7092456462527381,1.2908862211739662,1.0
1.8771519001223838,1.0031777153063206,1.0
0.8625867591278477,1.5782696667002782,1.0
1.0786453344081017,-0.3080821056012928,1.0
1.971652510441884,2.57248887429298,1.0
0.7041948530554734,0.8308276743078798,1.0
1.475416483839234,1.1716715414505474,1.0
4.36589959354237,0.9721978307251768,1.0
1.4282380753155608,1.4125943616112284,1.0
2.906399296676836,-1.1811234634062213,1.0
-0.7612137340878347,1.1953681630641553,1.0
2.2170621095385856,1.351682882889218,1.0
-0.3289298529079723,1.8314406329523374,1.0
1.663576760039728,-0.09399716962538096,1.0
-0.2803290444843589,1.519164607099612,1.0
1.7913332115434497,-1.6078411126179155,1.0
-2.051696245473722,2.47114949860105,1.0
1.6277821249580193,0.9882447900601057,1.0
-0.5670098469381377,1.4309704531790808,1.0
0.5100114742229147,1.0238607962249615,1.0
1.3479397923736134,-0.4764959662079167,1.0
4.345258960980079,-0.4309044266198181,1.0
2.831939162815451,0.0871464294551263,1.0
0.9860988000111219,1.1373779693951613,1.0
2.6681333413121564,-0.06972676806144174,1.0
2.866151558151843,-0.23917384487491566,1.0
0.8704878801394627,2.287449594706956,1.0
0.6382634642926435,1.8404299017938879,1.0
3.657377925822778,2.193676375423495,1.0
3.6412459592047406,0.8292909078746326,1.0
3.4615827261467578,-0.0017879303018399906,1.0
0.027289192899378478,2.4418068328934215,1.0
-0.2821890565861682,0.5949590891547785,1.0
-1.1244945542719997,-0.6414558905024994,1.0
1.8063206199656836,0.41960931367931076,1.0
1.05164779399595,0.6137520583609918,1.0
1.1436574551550114,4.56376169751732,1.0
1.7320576978893332,2.950108273565142,1.0
-1.0492701297871285,1.4674621047295362,1.0
0.1851895371800777,0.9568141305349899,1.0
-0.1273831639351204,0.5385340149064434,1.0
2.5599660864765825,1.9675453119527782,1.0
2.575964214482337,1.207401447171369,1.0
-1.081234070094986,0.4937423763645159,1.0
2.733011521793899,1.9316127843416322,1.0
0.528984224840503,2.9307151822193416,1.0
-0.2903189001539146,1.7369722327286552,1.0
1.8547982517824262,1.6323691989607776,1.0
-1.1940024088693164,1.9379091055600424,1.0
-2.522666323711349,2.595435320915348,1.0
-0.03482963476126799,1.3942612753957424,1.0
3.0451882428643144,1.6801336706314098,1.0
1.0331813454245204,0.6733303725945621,1.0
0.3558156818877093,-0.8889917629613786,1.0
0.35839657192348384,1.2601235628248084,1.0
-0.9867847705844088,0.9902092059962784,1.0
2.320231520526523,-0.44106486419684754,1.0
0.3871978549899848,0.2459949865218085,1.0
2.6116389036204604,0.39392776386631534,1.0
1.922124989038879,1.7732656337857637,1.0
3.3720507050714694,1.0898232256850984,1.0
1.3703112105683086,0.9430905039270143,1.0
1.0240701765641833,1.207912951866624,1.0
1.7569980903784252,0.5664151257890182,1.0
0.6561368847190268,-0.35320263239442506,1.0
0.6533857167419392,0.26774548515473895,1.0
2.579242571554193,-1.362784733861452,1.0
-2.4482327020551695,3.194554089323723,1.0
1.5296127483235376,4.830345703747241,1.0
0.30732453271311466,1.1518832023607695,1.0
1.3742197318764078,1.4434557706621602,1.0
0.7477001719960988,2.62420681928068,1.0
2.516957936263971,0.6495933543558677,1.0
-1.3774116354175852,2.3128208401114305,1.0
2.225712172116893,1.4693530165984168,1.0
1.3698761407803293,2.939403140926177,1.0
1.2759684251466752,0.9346052424138404,1.0
-0.36365544320204024,0.2531415500807098,1.0
1.6766422918716497,2.2393283190371034,1.0
0.9962056667429596,-0.5648272574669906,1.0
3.310982186359606,1.561249130813923,1.0
4.446775814115783,2.4808754871740337,1.0
0.6582987531748512,0.7936360150523345,1.0
1.7879355484793276,3.2195641276507474,1.0
1.5973936089105851,0.45055297922844073,1.0
0.7071156243491044,2.014386331823206,1.0
-0.42042116090244996,3.049400361550089,1.0
1.283453673955715,-0.7739072329601295,1.0
0.526597333026806,-0.42966573078153414,1.0
1.9851275787591054,-1.5730239399806978,1.0
-0.36793785745931795,1.0828494606715708,1.0
1.6506689922233866,-0.3304974651413526,1.0
2.223427385121637,2.1525738496452718,1.0
0.6238476740165606,0.24625501550281237,1.0
-0.40563213308495594,2.8725235475469053,1.0
1.0171742609627512,0.41721976589202814,1.0
1.0303841956416044,3.4532403281246355,1.0
1.221171701185387,0.6271035280468135,1.0
2.1050830684399715,-0.9240801258410969,1.0
1.7387553990180042,0.8310097474514805,1.0
0.37786791190532165,2.7813051436582015,1.0
-0.7814730068315723,3.669585021273746,1.0
0.8129175144866394,-1.3964755117772807,1.0
1.6768460823203672,-0.23823365407727048,1.0
-0.29608827027194073,1.741518964797802,1.0
3.3611289711753525,-0.010235063823404333,1.0
0.03729224671703213,0.1864880857976008,1.0
2.868462232436002,3.1163421533073397,1.0
1.866402077010078,2.10204536997451,1.0
-0.809708065594031,2.5800262661984226,1.0
1.2434634741605004,0.8107589102734787,1.0
-0.07789785677562766,1.6177123238737778,1.0
1.4107872163446595,2.636513688998506,1.0
3.2325457851399264,3.2196135740491116,1.0
1.3486397231344638,1.0764196170631888,1.0
1.9136269535534876,2.3858241579726194,1.0
0.20977719451564059,1.2735446322011685,1.0
0.020304695996310906,-1.8065879055148053,1.0
-1.2883983211712953,2.0917651237135484,1.0
2.4919688083162184,-1.1415145609295787,1.0
0.49403885166194395,1.9407100023566117,1.0
0.11807491481549459,0.6296481507304192,1.0
0.970721994944063,1.8875669689760768,1.0
0.15832700354340778,-0.3895625393597959,1.0
1.1792884792414309,1.6042387352248593,1.0
1.2962215062863665,1.2023040240641303,1.0
0.9136112594131155,1.060023495435709,1.0
-1.17646071849095,-0.2112888030471205,1.0
1.6090643265580304,1.1102104195486555,1.0
-0.9327525545533892,-2.052105683782557,1.0
0.7353926278914462,1.227650427500821,1.0
2.5763087027933773,4.3857804516068795,1.0
3.422352856517801,-1.2411209215807402,1.0
2.9389976269899845,1.624833269390848,1.0
1.861852530308341,1.5102367205845784,1.0
3.3502660661098,0.2429553673438668,1.0
1.9031050946690948,1.1936652729807937,1.0
-1.21617498289908,-0.4054072563748714,1.0
-0.13801702007390615,1.6673752745815382,1.0
1.4188910374636914,1.6112176384925516,1.0
0.5789561204424359,2.2836970110020856,1.0
0.9928110201157769,1.16886648513517,1.0
2.2457096460338475,1.0084784544477212,1.0
0.41503022633367337,1.1099320312976784,1.0
1.6502398649671348,2.0111449293064645,1.0
1.1495324714730546,2.4860979281310707,1.0
1.3491066236492406,1.6529221980299784,1.0
0.4435848535125867,0.6466631993402946,1.0
-1.142711711100171,1.3036936563179058,1.0
-1.4009473259258667,-0.2063334166223061,1.0
2.4784215528262834,1.129379618470517,1.0
1.2815719470336013,1.615220168484592,1.0
1.2141612732379088,0.4809610882986951,1.0
-2.5202153219829917,1.7295133122032011,1.0
2.5110344771161404,3.3332108515165997,1.0
-0.6760717767860205,2.6869938510495093,1.0
-0.7507936337182257,-1.2114693478757537,1.0
0.0074309123581431935,0.588674249224163,1.0
0.866988918739756,1.6290265634518435,1.0
-1.4586022449957863,-0.05606455453707593,1.0
2.1199074845218213,0.9196991513503874,1.0
2.922642445307477,0.5941486919430523,1.0
1.937228480647109,0.34821957935230263,1.0
2.0337113661818744,1.9111182526512778,1.0
2.3206399706067247,-0.7655193287053064,1.0
0.29649695026099865,-0.16378803696763544,1.0
1.5659838393236185,2.571423786166563,1.0
-1.8250352482701664,1.7363192750158591,1.0
2.3444279293508132,4.555387738627108,1.0
0.3406562839758923,0.3999130820053488,1.0
-0.5161282720761873,1.2113836760863037,1.0
-0.20577151382132652,-0.5261825256502848,1.0
1.7226547707574305,2.0041147493931324,1.0
0.7941200270689031,-0.7498370869683948,1.0
0.5830618985232083,1.9561950070137848,1.0
3.3771117610063976,3.230679919738207,2.0
3.526959591957568,5.1166073348003085,2.0
3.174786606540491,4.280726862706538,2.0
3.1848172225416835,1.909035253375472,2.0
4.988221239460888,3.477287983102149,2.0
3.545896845809823,4.149723963445189,2.0
2.831725937958094,5.019039734548542,2.0
3.408837454128694,3.272937380256544,2.0
4.063315694103461,5.343851491565836,2.0
4.664975447812098,4.550529628398493,2.0
3.0794790430081265,2.4617656285720315,2.0
4.282555346205316,2.6728894381122807,2.0
4.823018464784393,3.5743132672295874,2.0
3.7406850401888514,1.6327740169854112,2.0
3.83564442087519,3.277235870842336,2.0
4.079650543935754,2.306531128094156,2.0
1.676202265455577,3.0436423014686818,2.0
5.289601663631895,5.455483843870103,2.0
2.0066170909796934,3.5584535606620125,2.0
5.348348272033421,3.5456955570166,2.0
4.076364483055376,4.236194083511673,2.0
4.433681799353491,5.864409149594761,2.0
4.588003094946426,2.8818559000657924,2.0
3.289854728060918,3.7991582775109407,2.0
5.759322450463583,3.829974695579838,2.0
3.5381040095146927,5.511939084072377,2.0
4.850277204782917,2.8277042305578983,2.0
3.325298170260481,4.268992505442467,2.0
4.247080048696721,3.162492415867588,2.0
4.166888765471856,3.5159534949433606,2.0
4.532676946370066,6.752937089995375,2.0
2.7058397616618457,3.7359138008062027,2.0
2.1233670627262407,4.410651809102433,2.0
4.900921359873647,2.1581354311447853,2.0
3.1539337041502424,3.2566528124718586,2.0
5.574038356854984,6.865203657916913,2.0
1.939442907398658,3.321664011545735,2.0
3.625359621958113,4.882583284446069,2.0
4.8007709562111,2.828021768522275,2.0
4.956823496053201,5.777239225739949,2.0
4.065615406400704,3.107332573843837,2.0
4.133162712171592,3.3658434641945227,2.0
3.3618250968992576,3.6382918614925672,2.0
2.8028843973569693,6.159629700187217,2.0
2.139557256875661,5.57053892539966,2.0
3.9890205638086953,5.696272879490929,2.0
2.132768555012614,4.769524327181479,2.0
2.072777041152019,5.099914726093935,2.0
5.337429758895315,6.051297903069073,2.0
4.2591199613788255,3.6427899562291506,2.0
4.037566274308178,2.758265156080509,2.0
4.339578548099194,2.5376457511454564,2.0
7.256741029769859,1.6414046464169498,2.0
3.73674913108372,4.719702161292007,2.0
3.993099599679251,2.1411325015712857,2.0
6.237999110023016,5.171668140460614,2.0
3.918217379355226,3.647048174783166,2.0
3.4049405106629576,5.8804444437016965,2.0
6.5679072751840595,6.611469064222484,2.0
2.6758966908337167,4.408605156859832,2.0
2.9618790111084303,6.159874623726366,2.0
3.059711789280693,3.719799347237666,2.0
3.1089342200690577,1.7164049735472844,2.0
6.0380043247623085,6.455500581254139,2.0
3.5312093438050898,4.719461033145137,2.0
4.970985080302793,3.215438593679089,2.0
2.895584536510739,2.242996773320785,2.0
4.010480608537018,3.5181198081858636,2.0
4.706246969724677,3.4724378137230487,2.0
4.926468764350544,2.5007619296864467,2.0
1.5037774489780524,4.729091298062669,2.0
6.686575369014239,3.2433266816429605,2.0
5.10998753077504,3.7627448675588453,2.0
4.0965756895499945,4.226219092191051,2.0
3.5150631577075333,4.779429924423092,2.0
1.8570957055910777,4.782880139766718,2.0
5.14606035401611,2.8559183899629916,2.0
5.183714703965878,5.0194575591389725,2.0
3.2435321656640723,2.95958428695883,2.0
1.5727929244817376,2.4223222484463154,2.0
5.676848717101065,4.90291507282717,2.0
3.9216184855721075,4.803619294546329,2.0
5.390017768059341,3.8538638248488652,2.0
5.539333089093291,4.490997653030654,2.0
5.030818471231603,4.644514481126762,2.0
5.16785026087577,3.187300111832128,2.0
2.6726408642233475,4.119799462177083,2.0
4.372718839868224,5.976553280465115,2.0
2.828950431260565,2.9721030358691545,2.0
4.06874321855033,4.120956217958701,2.0
5.463168988496895,3.796745840229638,2.0
5.99678211560872,6.53346207914452,2.0
2.577342850942826,2.9235892267932506,2.0
5.4816091551875195,3.8954836732515252,2.0
4.590021116140759,5.473552938530217,2.0
4.692986714596341,3.554563116418285,2.0
4.519704349136736,4.601099638898799,2.0
4.131833791088587,3.3858391861491524,2.0
6.944799554666851,4.881601271762274,2.0
4.046023965295349,2.6722490764454716,2.0
1.1348285224250168,4.741127653334054,2.0
3.658707798708323,8.9798374870966,2.0
4.236764970396596,2.6723204016046065,2.0
-0.12540682123000213,3.296759994187361,2.0
5.11040022698443,4.656628108474553,2.0
5.29624024602396,5.058090218595563,2.0
4.677063523963891,2.2932317727921365,2.0
3.5699104019540364,4.945538825200581,2.0
5.928042011438281,2.2991530944819325,2.0
5.234251758646489,6.278837436109196,2.0
2.4651566525311663,4.209638714801708,2.0
5.243597022647183,5.329450632223538,2.0
4.784021372923069,2.8325965078426254,2.0
4.8733929131267955,4.1161367445278305,2.0
2.4823114407079623,5.247975329733046,2.0
5.279482769825634,5.01043237380325,2.0
3.4210547999023833,7.3579202463769215,2.0
1.4001366280703471,3.137257694773756,2.0
3.3455757707210863,4.89486987341967,2.0
6.816091493641232,5.253275131987081,2.0
4.8293753793861685,2.612879184419951,2.0
3.2268775849337183,1.9541359955079955,2.0
6.3428995785517905,5.048224240160892,2.0
6.846530334857764,5.457613336366535,2.0
4.139356529384093,2.5992251183254904,2.0
6.692990133218267,6.541737385193054,2.0
3.3188694548617246,4.150826107690105,2.0
2.4299436848978617,3.7196458569743354,2.0
4.69306063079522,4.5156319831235,2.0
3.536904220189188,2.483953300489361,2.0
3.523233650306093,4.988636131681933,2.0
3.3350912550598246,3.005664601109887,2.0
3.1007125131012545,3.396047269833664,2.0
4.316167179435453,4.090265536086498,2.0
3.44438586408376,4.230596951670578,2.0
4.72079691832886,6.732058104228532,2.0
4.2782815067753965,1.1603574680881295,2.0
3.641840473340464,2.699780319854743,2.0
3.7036603784055564,3.4579533881282107,2.0
3.5321131068335836,4.2334957122540064,2.0
4.1806811104582655,4.4848910994543925,2.0
3.689127821442093,4.349794822807224,2.0
4.984658328900153,7.206092027690792,2.0
2.4269599193146685,4.494567731108766,2.0
3.1344278678635376,2.818255343615853,2.0
4.674087417783591,3.0595994504509063,2.0
2.6103737465348273,4.342354535117967,2.0
4.789843931642532,3.942830957328465,2.0
3.3305267025996663,4.8689085645444,2.0
2.4470541578834863,6.0583782704400555,2.0
4.775300361451028,5.54561850466764,2.0
4.677032976933085,3.062545950070288,2.0
5.332428741845331,2.517112789303335,2.0
4.803307641019853,2.791829541136929,2.0
5.294594484015786,3.6580209104911527,2.0
2.7743697609824545,3.4417154840105564,2.0
4.940073215742204,4.345146662658474,2.0
2.326606987434772,4.212782702221022,2.0
2.635819107134604,5.423272502454841,2.0
2.946784336531221,4.950257069218062,2.0
5.06665863749765,4.968847718820822,2.0
6.269414467083043,4.9799771873166465,2.0
5.165233369223218,3.286292667297698,2.0
3.801989383155129,4.566484981320865,2.0
4.436934228014849,5.308362533982866,2.0
2.9610447382211706,6.640132621119929,2.0
4.8939298062015935,3.8726312368796063,2.0
5.555278404461493,5.685814248246843,2.0
4.07520705170373,4.858007387195787,2.0
2.3019104438685734,0.7083987116143473,2.0
0.7231091040131146,3.467154586880918,2.0
3.3630323706050147,3.7088874561256615,2.0
5.251953399142273,3.8389054563627703,2.0
5.128440301190879,4.082843427067088,2.0
4.77796035169906,4.471918896065548,2.0
3.5766632788836668,4.403663085776805,2.0
6.6323309474997885,5.5715088049055845,2.0
2.44004087642379,4.013291770105956,2.0
2.752337153166721,5.256128052101095,2.0
4.664435916460219,4.8792098478818895,2.0
4.92342969791433,6.350624519699042,2.0
4.170635129226627,6.52646245741774,2.0
3.505637882213028,5.506325556349673,2.0
3.2121566921130045,2.8121888269068753,2.0
7.752575314381652,4.5494539764646404,2.0
4.918917561641974,2.5293003303807167,2.0
3.787929497521357,7.2365148950442055,2.0
2.2407108325910716,5.021983486695708,2.0
7.280268007035292,6.894823228047443,2.0
2.8727801472704204,5.108742665189654,2.0
3.9300247441838296,3.7138972262189216,2.0
5.726818758177985,1.6128571741434476,2.0
7.136959253850564,5.926332611297715,2.0
4.294743642770739,4.2245807304774035,2.0
3.6564175609572604,3.515394434725602,2.0
3.5515850259343495,5.0312192025721325,2.0
4.362169364812648,2.436527945513668,2.0
5.9545438030487965,3.932148783265054,2.0
2.753506413385685,4.714653376151609,2.0
6.431869829620396,3.5159495248740473,2.0
2.714487527354832,2.4262859635576364,2.0
3.5885841680307293,3.978097483083384,2.0
3.0966166930301924,2.02227993338624,2.0
5.199938301701467,4.978794656384627,2.0
4.2398651663154245,4.65320880662635,2.0
2.049423238444006,3.994064375249967,2.0
5.491061666486285,4.196891322143762,2.0
3.6439940987440496,3.3181902220249535,2.0
5.667445076446106,3.4874272124297527,2.0
4.3101223286005785,4.825725089588803,2.0
3.727808769522466,3.964192655331071,2.0
6.265140383782317,6.219601615804741,2.0
4.519862199624222,2.269651637016347,2.0
4.177116114738174,4.436632611253012,2.0
4.60434915468096,5.009191898673357,2.0
3.360550219934802,3.599652459655016,2.0
4.5262796827854075,4.111021094753229,2.0
2.852732362650878,3.0405241037608497,2.0
3.1851766008018463,6.082950246584327,2.0
6.284043877330129,5.517011114065801,2.0
4.195280007711216,4.433027710600003,2.0
3.69924539709615,5.342907536191484,2.0
5.6268687172345855,4.827257938003465,2.0
5.034493363926671,2.8260267278543445,2.0
2.1888401755626754,7.323982875661908,2.0
3.3741787260700864,1.2401636696546956,2.0
4.407197259512882,5.264628658071835,2.0
4.006619799341582,4.493111266722413,2.0
4.560915117916316,4.8470342360279695,2.0
5.2657827812500635,3.8400254171028636,2.0
5.535295778534319,4.069866861083528,2.0
5.968317149995978,3.101665028803651,2.0
5.862424323220901,4.223450219692291,2.0
3.6129683625456197,2.7547441405969177,2.0
4.315349132929916,4.597124200420944,2.0
4.718724055806884,2.759768113677068,2.0
2.4158769893946284,5.122565002595328,2.0
4.195887960458731,4.450327692021038,2.0
3.212412477877394,4.611763980158332,2.0
2.878383146244673,2.6509907491328715,2.0
1.9423855966781352,5.698427299017554,2.0
5.285164602183054,7.976830246709566,2.0
3.0010951427551817,4.1911269305894026,2.0
4.283254897506627,2.0420258974728456,2.0
2.0704725298027773,5.9613600394095805,2.0
5.97570852107235,4.727270953469689,2.0
3.8012707212113113,3.931359856743795,2.0
0.8219717393223074,5.544745467170988,2.0
4.862567118856356,3.1960242508359533,2.0
3.8292319655442104,5.179025357945175,2.0
4.477244006680279,5.714563414932016,2.0
5.379639061186707,4.867258063326074,2.0
5.790902660207546,5.92972141262025,2.0
3.3186749572828513,4.038229080606805,2.0
3.7577300631617563,3.4216931107535657,2.0
6.163819141733004,2.6858324151611503,2.0
2.9628169958098978,3.887056831204808,2.0
0.7431626597158805,4.58925713979105,2.0
4.737816656617301,-0.1464172628653948,2.0
5.2946341430170865,3.5653970558352572,2.0
3.873223546542866,5.875310445970703,2.0
6.2726891906778555,5.2889793691998435,2.0
3.839316207476992,2.916960276942044,2.0
5.08607262572499,4.109985895346138,2.0
5.289437228507606,6.448521538251182,2.0
4.087202955321863,5.745008394083596,2.0
4.452059042050318,3.821443280027048,2.0
4.893821122021839,3.0091172354353453,2.0
4.685078533101418,3.9982516119590774,2.0
4.021205260737919,3.7600143642679096,2.0
1.4372647282294713,5.792682718999502,2.0
4.458543492531782,2.317863130641804,2.0
-0.29148532265636895,3.7791960419228,2.0
4.1804781677995635,5.0104159413356415,2.0
4.320475566882108,2.1302062062910228,2.0
4.698296020468975,3.899448910442136,2.0
4.312978031188437,1.29635468861294,2.0
4.335651381182079,3.0763652427395307,2.0
2.050672680026732,5.338363838153945,2.0
3.5135445374818035,3.3580478212849583,2.0
4.880009308275593,3.627781723156498,2.0
5.1576291353738135,2.6718379118857305,2.0
3.7398701155557994,4.796982716520528,2.0
4.9355235530314,4.033769786111791,2.0
2.074318461109839,4.197517703033283,2.0
4.607739231761468,1.9494413973490547,2.0
4.187807256663564,5.963989346198822,2.0
6.668261777156493,2.0340830188104757,2.0
6.350402111895509,4.104940856748972,2.0
4.120776365086591,4.223115628568841,2.0
2.3377189912689538,4.067846350548446,2.0
4.829851489632066,5.473086902408492,2.0
4.963871248243847,2.6483034378800374,2.0
5.326853371693952,2.4372390420990238,2.0
3.3131412060333014,4.485151957064336,2.0
3.9305572261673336,2.7828159838882582,2.0
2.7022207758398045,2.047770312309276,2.0
8.476049013192089,5.302453756732817,2.0
4.006415758511004,2.8115115253112686,2.0
1.597223863487638,7.48374244462582,2.0
8.264258977489414,2.9518536492712606,3.0
6.135467141924389,2.15333789914244,3.0
7.824281678060055,1.3985768239609508,3.0
8.687200561341303,2.8832217276300507,3.0
8.852099871674522,2.104242633200593,3.0
6.949533531943171,1.548158516210465,3.0
10.055554766961002,0.10579447323346391,3.0
9.609271454381679,1.5295756409968178,3.0
7.139854351332186,2.273834814987768,3.0
5.958451205004767,3.842040166201159,3.0
7.546154299695346,0.5274588076976783,3.0
8.014380941150634,1.6350435666273029,3.0
6.727724819311676,-0.7644499816454058,3.0
6.485688720597853,1.877866684542012,3.0
6.515970931538845,0.7714217124337424,3.0
9.137985012666553,3.0010782452499867,3.0
6.888430459257357,1.6396499594792502,3.0
6.0618486171816786,-0.018622479311098505,3.0
9.179009438673415,0.7724602793991333,3.0
10.622807245208374,2.9417859977481573,3.0
6.731799981193992,0.741471045955588,3.0
7.333669555215271,1.8449701552222384,3.0
7.9594140634202875,-1.5159544565324947,3.0
9.754741904479493,2.406831578487782,3.0
6.836400625402154,1.0553598166887017,3.0
5.671165056162577,-1.3049986838122725,3.0
7.799591578482131,1.1513138619474779,3.0
9.8549608951198,1.3273192435882852,3.0
9.754788733151662,1.489552739413746,3.0
8.094065325593354,1.3450473645740886,3.0
6.914123816453607,0.9513756089127444,3.0
8.97890220224461,0.2385571744105518,3.0
6.955930510900553,0.4445903696351352,3.0
8.108882003244918,-0.5125854052008267,3.0
6.959704091379714,0.23726311132845235,3.0
8.165280244035277,-0.8287590452109168,3.0
9.544327987759349,-0.385938521932637,3.0
7.301114884302094,1.8971504928279803,3.0
9.932832164698986,0.5645138555581601,3.0
4.939052396461712,-0.599951128152576,3.0
8.624576179406525,1.3446105750157025,3.0
7.2865414230806165,-1.4154390866921314,3.0
7.364572954488725,0.7409693170334699,3.0
10.399760005324946,0.4265802605756127,3.0
6.701394686203368,0.6720662489959608,3.0
9.907126928452351,0.7101673598067084,3.0
7.303533059432901,1.1523837528932774,3.0
7.9018194195065705,2.270620959286073,3.0
8.790115720641026,2.277721555022983,3.0
7.686526848815419,0.5009479413211793,3.0
6.706013363971332,-1.660927112262308,3.0
8.941072967416254,2.583892862644051,3.0
7.290261225019817,3.2430612683364823,3.0
8.615169371918821,-1.3129114811620748,3.0
7.761164339618817,1.4412383059865463,3.0
7.910648437550559,1.2003248102958401,3.0
6.089571833856153,0.7755415304713237,3.0
7.672490132894434,0.4456473944535032,3.0
6.921245602618923,0.8804031932656781,3.0
8.166084830254144,-0.09899232545648107,3.0
8.412962623232543,0.04376808450776293,3.0
8.186986608371532,-1.9065235688184736,3.0
7.101566556198603,0.8973482880475236,3.0
9.598651383843878,2.154481056057513,3.0
6.241479123508464,1.1478942071242766,3.0
5.562196590242044,-0.2302213555139636,3.0
8.68628669923447,0.557043840190117,3.0
8.322799774472948,-1.183952180646843,3.0
6.016063883814203,-0.534888381068992,3.0
5.584673272671972,2.0968624896156216,3.0
6.628450444205079,0.5579627481426161,3.0
6.771925912283024,1.854267059719275,3.0
4.419404662204538,1.6430209302555898,3.0
6.925114895851383,2.0274005089081344,3.0
7.606929101841426,0.7516792794945698,3.0
11.3292828112041,1.6254970719981663,3.0
7.489313335743866,0.9432547498623222,3.0
8.005745284631166,2.7605529573421617,3.0
7.627515110089809,2.3190631444998404,3.0
7.689076832743904,1.979960561088627,3.0
6.486457553666943,1.2752216292667575,3.0
7.675010526432778,-0.8543174730270369,3.0
5.900134853816023,1.1619275570542187,3.0
6.134944295829098,0.27826973896110896,3.0
9.053386421726827,-2.085124905004591,3.0
8.144802602083097,0.7529204651400632,3.0
9.198565263492695,2.307680805212188,3.0
7.469733205449965,2.496726169083109,3.0
7.353264762674875,1.6328360683305863,3.0
7.406376222006221,-0.7383736246063466,3.0
10.109605536293188,2.4764334084797515,3.0
11.081247271897938,3.236103739724488,3.0
9.834023555907667,0.3809868609918524,3.0
8.701642142454865,0.911911095918961,3.0
8.424805742670674,1.0529518038236905,3.0
9.267932640570923,0.9092879368942144,3.0
9.199276107750656,1.3213002504892608,3.0
9.709582734779243,0.37339700773930895,3.0
6.2824883262167335,0.7141021428677734,3.0
7.04948080988076,-0.49853342830019365,3.0
